,,,,,,,,,,,,,,,,,,,,,,,,,,,,,,,,,,,,,
,Found,Circuit,Total (km),50kv,57.5kv,60kv,66kv,69kv,70kv,85kv,90kv,110kv,115kv,120kv,132kv,138kv,150kv,161kv,220kv,225kv,230kv,330kv,345kv,350kv,380kv,400kv,440kv,500kv,600kv (DC),750kv,800kv (DC),Date,Source for total if different,Source,Notes,ISO-2 Code,Wikidata QID
Afghanistan,No,,,,,,,,,,,,,,,,,,,,,,,,,,,,,,,,,,,AF,http://www.wikidata.org/entity/Q889
Albania,Yes,,3478,,,,,,,,,1701,,,,,34,,1297,,,,,,,446,,,,,,2023,,https://ost.al/en/annual-report-2023/,,AL,http://www.wikidata.org/entity/Q222
Algeria,Yes,,34237,,,,,,,,,,,,,,,,,,,,,,,,,,,,,2023,,https://creg.gov.dz/wp-content/uploads/2025/01/CHIFFRES-CLES-2023-1.pdf,,DZ,http://www.wikidata.org/entity/Q262
Andorra,Yes,,92,,,,,,,,,83,,,,,,,,9,,,,,,,,,,,,2024,,https://www.feda.ad/fitxers/documents/memoria-sostenibilitat-2024,,AD,http://www.wikidata.org/entity/Q228
Angola,Yes,,6067,,,,,,,,,291,,,57,,190,,3305,,,,,,,2224,,,,,,2021,,https://minea.gov.ao/index.php/rnt,,AO,http://www.wikidata.org/entity/Q916
Antigua and Barbuda,,,,,,,,,,,,,,,,,,,,,,,,,,,,,,,,,,,,AG,http://www.wikidata.org/entity/Q781
Argentina,Yes,,Missing DSO 132kv,,,,,,,,,,,,19282,,,,1712,,,1116,273,,,,,14910,,,,2024,,https://microfe.cammesa.com/static-content/CammesaWeb/download-manager-files/Informe%20Anual/2025/Informe%20Anual%202024.pdf,,AR,http://www.wikidata.org/entity/Q414
Armenia,No,,,,,,,,,,,,,,,,,,,,,,,,,,,,,,,,,,,AM,http://www.wikidata.org/entity/Q399
Australia,Yes,Yes,43994,,,,,,,,,,,,,,,,,,,,,,,,,,,,,2025,,https://www.aer.gov.au/system/files/2025-08/State%20of%20the%20energy%20market%202025%20-%20Chapter%203%20-%20Electricity%20networks.pdf,"Could not find per voltage, just total",AU,http://www.wikidata.org/entity/Q408
Austria,Yes,,3427,,,,,,,,,,,,,,,,1936,,,,,,1694,,,,,,,2024,,https://www.apg.at/en/about-us/apg/our-company/,Route length (but line length is 7000km according to them). Also does not include 110kv. Also they put some in converting/upgrading/building so the total is not equal to the sum,AT,http://www.wikidata.org/entity/Q40
Azerbaijan,Yes,,7880,,,,,,,,,4325,,,,,,,1505,,31,1542,,,,,,477,,,,Unknown,,https://azerenerji.gov.az/energytransfer,,AZ,http://www.wikidata.org/entity/Q227
The Bahamas,No,,,,,,,,,,,,,,,,,,,,,,,,,,,,,,,,,,,BS,http://www.wikidata.org/entity/Q778
Bahrain,Yes,,1923,,,,1133,,,,,,,,,,,,650,,,,,,,140,,,,,,2024,,https://ewa-new-website.s3.me-south-1.amazonaws.com/uploads/book_2024_final_p_1.pdf,All underground? ,BH,http://www.wikidata.org/entity/Q398
Bangladesh,Yes,Yes,17211,,,,,,,,,,,,9346,,,,,,4751,,,,,3114,,,,,,2025,,https://pgcb.gov.bd/site/page/05a258ae-2288-44d5-95c1-4e30b35eb7ec/-,,BD,http://www.wikidata.org/entity/Q902
Barbados,Yes,,150,,,,,,,,,,,,,,,,,,,,,,,,,,,,,Unknown,,https://www.blpc.com.bb/index.php/company/how-we-serve-you/how-we-deliver-electricity,,BB,http://www.wikidata.org/entity/Q244
Belarus,,,,,,,,,,,,,,,,,,,,,,,,,,,,,,,,,,,,BY,http://www.wikidata.org/entity/Q184
Belgium,,,,,,,,,,,,,,,,,,,,,,,,,,,,,,,,,,,,BE,http://www.wikidata.org/entity/Q31
Belize,No,,,,,,,,,,,,,,,,,,,,,,,,,,,,,,,,,,,BZ,http://www.wikidata.org/entity/Q242
Benin,No,,,,,,,,,,,,,,,,,,,,,,,,,,,,,,,,,,,BJ,http://www.wikidata.org/entity/Q962
Bhutan,Yes,Yes,2761,,,,536,,,,,,,,661,,,,553,,,,,,,1011,,,,,,2024,,https://www.bpc.bt/wp-content/themes/bpc/assets/downloads/Power%20Data%20Book%202024.pdf,,BT,http://www.wikidata.org/entity/Q917
Bolivia,Yes,,7026,,,,,214,,,,,1964,,,,,,,,4612,,,,,,,236,,,,2025,,https://www.cndc.bo/agentes/transmision.php,,BO,http://www.wikidata.org/entity/Q750
Bosnia and Herzegovina,Yes,,6516,,,,,,,,,4124,,,,,,,1526,,,,,,,866,,,,,,2024,,https://www.derk.ba/DocumentsPDFs/BIH-SERC-Annual-Report-2024.pdf,,BA,http://www.wikidata.org/entity/Q225
Botswana,Yes,,5608,,,,,,,,,,,,2162,,,,2200,,,,,,,1246,,,,,,2025,,"https://www.bpc.bw/portfolio-items/gaborone-power-project/#:~:text=Botswana%E2%80%99s%20national%20electricity%20grid%20comprises,transmission%20operating%20at%2066kV",,BW,http://www.wikidata.org/entity/Q963
Brazil,Yes,,189308,,,,,,,,,,,,,,,,,,70296,,11095,,,,6935,72345,12816,2683,9204,2023/2024,https://www.gov.br/mme/pt-br/assuntos/secretarias/secretaria-nacional-energia-eletrica/publicacoes/boletim-anual-de-monitoramento-do-sistema-eletrico/consolidacao-2024/boletim-especial-consolidacao-2024_snee-ddos-vfinal.pdf/view,https://www.mme.gov.br/SIEBRASIL/consultas/reporte-dato42-jerarquizado.aspx?oc=30183&or=30184&ss=2&v=1,only 220kv+. So does not include 132kv,BR,http://www.wikidata.org/entity/Q155
Brunei,No,,,,,,,,,,,,,,,,,,,,,,,,,,,,,,,,,,,BN,http://www.wikidata.org/entity/Q921
Bulgaria,Yes,,16153,,,12,,,,,,10325,,,,,,,2714,,,,,,,3102,,,,,,Unknown,,https://www.eso.bg/doc/?transmission,,BG,http://www.wikidata.org/entity/Q219
Burkina Faso,No,,,,,,,,,,,,,,,,,,,,,,,,,,,,,,,,,,,BF,http://www.wikidata.org/entity/Q965
Burundi,No,,,,,,,,,,,,,,,,,,,,,,,,,,,,,,,,,,,BI,http://www.wikidata.org/entity/Q967
Cabo Verde,Yes,,79,,79,,,,,,,,,,,,,,,,,,,,,,,,,,,2023,,"https://www.electra.cv/backend/web/uploads/RELAT%C3%93RIOECONTAS2023ELECTRA,SA.pdf",,CV,http://www.wikidata.org/entity/Q1011
Cambodia,Yes,Yes,6669,,,,,,,,,,2527,,,,,,,,3787,,,,,,,354,,,,2023,,https://eac.gov.kh/site/viewfile?param=annual_report%2Fenglish%2FAnnual-Report-2023-en.pdf&lang=en7,,KH,http://www.wikidata.org/entity/Q424
Cameroon,Yes,,,,,,,,,,,,,,,,,,,,,,,,,,,,,,,,,,,CM,http://www.wikidata.org/entity/Q1009
Canada,No,,,,,,,,,,,,,,,,,,,,,,,,,,,,,,,,,,,CA,http://www.wikidata.org/entity/Q16
Central African Republic,Yes,,81,,,81,,,,,,,,,,,,,,,,,,,,,,,,,,Unknown,,http://enerca-rca.com/p/trans-port#,63kv I believe. Also does not take the other HV line as length is not indicated,CF,http://www.wikidata.org/entity/Q929
Chad,No,,,,,,,,,,,,,,,,,,,,,,,,,,,,,,,,,,,TD,http://www.wikidata.org/entity/Q657
Chile,Yes,Yes,40323,,,,,,,,,,,,,,,,,,,,,,,,,,,,,,https://www.coordinador.cl/sistema-electrico/,,,CL,http://www.wikidata.org/entity/Q298
China,Yes,Yes,2477000,,,,,,,,,,,,,,,,,,,,,,,,,,,,,2024,https://www.sgeg.cn/ueditor/php/upload/file/20250908/1757319873992682.pdf,,This total number is 35kv+. There is also a 230kv+ number which is 960970km,CN,http://www.wikidata.org/entity/Q148
Colombia,Yes,Yes,30233,,44,,221,,,,,,11771,,,,,,,,13690,,,,,,,4507,,,,2025,,https://paratec.xm.com.co/mapa,110kv-115kv grouped and 220kv-230kv grouped together,CO,http://www.wikidata.org/entity/Q739
Comoros,,,,,,,,,,,,,,,,,,,,,,,,,,,,,,,,,,,,KM,http://www.wikidata.org/entity/Q970
Republic of the Congo,No,,,,,,,,,,,,,,,,,,,,,,,,,,,,,,,,,,,CG,http://www.wikidata.org/entity/Q971
Costa Rica,Yes,,2996,,,,,,,,,,,,,613,,,,,2383,,,,,,,,,,,2024,,https://www.grupoice.com/wps/wcm/connect/6b42649b-64a7-4305-9a01-3d36a45255cd/1.+Plan+de+Expansi%C3%B3n+de+la+Transmisi%C3%B3n+%28PET%29+2024-2034_v3.pdf?MOD=AJPERES&CVID=pAKYV9E,,CR,http://www.wikidata.org/entity/Q800
Croatia,Yes,,7898,,,,,,,,,5382,,,,,,,1268,,,,,,,1248,,,,,,2025,,https://www.hops.hr/prijenosna-mreza,,HR,http://www.wikidata.org/entity/Q224
Cuba,No,,0,,,,,,,,,,,,,,,,,,,,,,,,,,,,,,,,,CU,http://www.wikidata.org/entity/Q241
Cyprus,Yes,,1286,,,,,,,,,,,,,,,,,,,,,,,,,,,,,2023,https://www.eac.com.cy/EN/EAC/Sustainability/PublishingImages/Pages/SustainabilityReports/EAC%27s%20sustainable%20development%20report_2023.pdf,,,CY,http://www.wikidata.org/entity/Q229
Czechia (Czech Republic),Yes,Yes,5959,,,,,,,,,84,,,,,,,1687,,,,,,,4188,,,,,,2025,https://www.ceps.cz/en/transmission-system-data,,,CZ,http://www.wikidata.org/entity/Q213
Democratic Republic of the Congo,Yes,,5596,,,,,,254,,,,,1381,474,,,,1733,,,,,,,,,1754,,,,2024,,https://are.gouv.cd/wp-content/uploads/2025/03/ARE-RAP-2024-RAPPORT-ANNUEL-2024-VF-2.pdf,"Most has been calculatyed, but a lot of manual work. Also some lines are duplicated in the annex page 111. 50kv lines not added but exist. Check doc",CD,http://www.wikidata.org/entity/Q974
Denmark,Yes,,7000,,,,,,,,,,,,,,,,,,,,,,,,,,,,,unknown,https://en.energinet.dk/infrastructure-projects/,,Could not find updated/better data,DK,http://www.wikidata.org/entity/Q756617
Djibouti,No,,,,,,,,,,,,,,,,,,,,,,,,,,,,,,,,,,,DJ,http://www.wikidata.org/entity/Q977
Dominica,Yes,,0,,,,,,,,,,,,,,,,,,,,,,,,,,,,,,,https://www.geodominica.dm/download/dgdc-brochure-fact-sheet/?tmstv=1689106183,0km for now above 50kv,DM,http://www.wikidata.org/entity/Q784
Dominican Republic,Yes,Yes,5268,,,,,1696,,,,,,,,3141,,,,,,,431,,,,,,,,,2023,,https://eted.gob.do/planificacion-de-mediano-y-largo-plazo/#30-64-2023-plan-de-expansion,,DO,http://www.wikidata.org/entity/Q786
Ecuador,Yes,Yes,6673,,,,,,,,,,,,,2434,,,,,3626,,,,,,,613,,,,2023,,https://www.recursosyenergia.gob.ec/plan-maestro-de-electricidad/,,EC,http://www.wikidata.org/entity/Q736
Egypt,Yes,Yes,55868,,,,21930,,,,,,,,2559,,,,22691,,,,,,,,,8688,,,,2024,,https://www.eehc.gov.eg/CMSEehc/Files/AnnualReport2024En.pdf,400kv-500kv grouped,EG,http://www.wikidata.org/entity/Q79
El Salvador,Yes,Yes,1360,,,,,,,,,,1073,,,,,,,,287,,,,,,,,,,,2022,,https://sice.oas.org/ctyindex/SLV/WTO/ENGLISH/S440_e.pdf,,SV,http://www.wikidata.org/entity/Q792
Equatorial Guinea,No,,,,,,,,,,,,,,,,,,,,,,,,,,,,,,,,,,,GQ,http://www.wikidata.org/entity/Q983
Eritrea,No,,,,,,,,,,,,,,,,,,,,,,,,,,,,,,,,,,,ER,http://www.wikidata.org/entity/Q986
Estonia,Yes,,5315,,,,,,,,,3464,,,,,,,,,,1851,,,,,,,,,,2025,,https://elering.ee/en/electricity-transmission-system,Includes cables for 110kv,EE,http://www.wikidata.org/entity/Q191
Eswatini,Yes,,1491,,,,1012,,,,,,,,332,,,,,,,,,,,147,,,,,,2021,,https://www.eec.co.sz/,also in 2021 report,SZ,http://www.wikidata.org/entity/Q1050
Ethiopia,Yes,,20673,,,,,,,,,,,,5859,,,,,,8613,,,,,3269,,2903,,,,2025,https://www.eep.com.et/,https://www.eep.com.et/?page_id=781,,ET,http://www.wikidata.org/entity/Q115
Fiji,Yes,No (Route),147,,,,,,,,,,,,147,,,,,,,,,,,,,,,,,2024,,https://efl.com.fj/wp-content/uploads/2025/05/EFL-2024-Annual-Report.pdf,"be careful with figure of beginning in the report, as it takes distribution into account",FJ,http://www.wikidata.org/entity/Q712
Finland,,,,,,,,,,,,,,,,,,,,,,,,,,,,,,,,,,,,FI,http://www.wikidata.org/entity/Q33
France,,,,,,,,,,,,,,,,,,,,,,,,,,,,,,,,,,,,FR,http://www.wikidata.org/entity/Q142
Gabon,Yes,,5123,,,,,,,,,,,,,,,,,,,,,,,,,,,,,2016,,https://www.seeg-gabon.com/activites/gestion-electricite,,GA,http://www.wikidata.org/entity/Q1000
The Gambia,No,,,,,,,,,,,,,,,,,,,,,,,,,,,,,,,,,,,GM,http://www.wikidata.org/entity/Q1005
Georgia,,,,,,,,,,,,,,,,,,,,,,,,,,,,,,,,,,,,GE,http://www.wikidata.org/entity/Q230
Germany,,,,,,,,,,,,,,,,,,,,,,,,,,,,,,,,,,,,DE,http://www.wikidata.org/entity/Q183
Ghana,Yes,Yes,6639,,,,,220.048,,,,,,,,,,4951.08,,97.08,,1203.792,,,,,,,,,,2023;2022,https://gridcogh.com/wp-content/uploads/2025/01/GRIDCo_2023_Annual_Report_Final_5-12-24.pdf,https://gridcogh.com/wp-content/uploads/2022/07/2022-Electricity_Supply_Plan-1.pdf,,GH,http://www.wikidata.org/entity/Q117
Greece,,,,,,,,,,,,,,,,,,,,,,,,,,,,,,,,,,,,GR,http://www.wikidata.org/entity/Q41
Grenada,,,,,,,,,,,,,,,,,,,,,,,,,,,,,,,,,,,,GD,http://www.wikidata.org/entity/Q769
Guatemala,Yes,Yes,5135,,,,,3016,,,,,,,,398,,,,,1650,,,,,71,,,,,,2024,,https://www.cnee.gob.gt/PlanesExpansion/2024-2054/PET%202024-2054.pdf,,GT,http://www.wikidata.org/entity/Q774
Guinea,Yes,,1178,,,83,,,,,,404,,,,,,,,691,,,,,,,,,,,,2024,,https://edg.com.gn/sdm_categories/rapport-annuel/,,GN,http://www.wikidata.org/entity/Q1006
Guinea-Bissau,No,,0,,,,,,,,,,,,,,,,,,,,,,,,,,,,,,,,,GW,http://www.wikidata.org/entity/Q1007
Guyana,,,0,,,,,,,,,,,,,,,,,,,,,,,,,,,,,,,,,GY,http://www.wikidata.org/entity/Q734
Haiti,,,0,,,,,,,,,,,,,,,,,,,,,,,,,,,,,,,,,HT,http://www.wikidata.org/entity/Q790
Honduras,Yes,,3024,,,,,694,,,,,,,,1050,,,,,1280,,,,,,,,,,,2024,,https://www.cree.gob.hn/planes-de-expansion-del-sistema-electrico-nacional/,,HN,http://www.wikidata.org/entity/Q783
Hungary,,,0,,,,,,,,,,,,,,,,,,,,,,,,,,,,,,,,,HU,http://www.wikidata.org/entity/Q28
Iceland,,,0,,,,,,,,,,,,,,,,,,,,,,,,,,,,,,,,,IS,http://www.wikidata.org/entity/Q189
India,,,0,,,,,,,,,,,,,,,,,,,,,,,,,,,,,,,,,IN,http://www.wikidata.org/entity/Q668
Indonesia,,,0,,,,,,,,,,,,,,,,,,,,,,,,,,,,,,,,,ID,http://www.wikidata.org/entity/Q252
Iran,,,0,,,,,,,,,,,,,,,,,,,,,,,,,,,,,,,,,IR,http://www.wikidata.org/entity/Q794
Iraq,,,0,,,,,,,,,,,,,,,,,,,,,,,,,,,,,,,,,IQ,http://www.wikidata.org/entity/Q796
Ireland,,,0,,,,,,,,,,,,,,,,,,,,,,,,,,,,,,,,,IE,http://www.wikidata.org/entity/Q27
Israel,,,0,,,,,,,,,,,,,,,,,,,,,,,,,,,,,,,,,IL,http://www.wikidata.org/entity/Q801
Italy,,,0,,,,,,,,,,,,,,,,,,,,,,,,,,,,,,,,,IT,http://www.wikidata.org/entity/Q38
Jamaica,Yes,,1193,,,,,811,,,,,,,,382,,,,,,,,,,,,,,,,2023,,https://www.mset.gov.jm/wp-content/uploads/2024/11/2022-Jamaica-Integrated-Resource-Plan.pdf,,JM,http://www.wikidata.org/entity/Q766
Japan,,,0,,,,,,,,,,,,,,,,,,,,,,,,,,,,,,,,,JP,http://www.wikidata.org/entity/Q17
Jordan,,,0,,,,,,,,,,,,,,,,,,,,,,,,,,,,,,,,,JO,http://www.wikidata.org/entity/Q810
Kazakhstan,,,0,,,,,,,,,,,,,,,,,,,,,,,,,,,,,,,,,KZ,http://www.wikidata.org/entity/Q232
Kenya,Yes,Yes,10797,,,,1313,,,,,,,,3427,,,,2152,,,,,,,2623,,1282,,,,2025,,https://energy.go.ke/sites/default/files/Kenya%20National%20Energy%20Compact%2022AUG2025%20(1).pdf,,KE,http://www.wikidata.org/entity/Q114
Kiribati,,,0,,,,,,,,,,,,,,,,,,,,,,,,,,,,,,,,,KI,http://www.wikidata.org/entity/Q710
Kuwait,,,0,,,,,,,,,,,,,,,,,,,,,,,,,,,,,,,,,KW,http://www.wikidata.org/entity/Q817
Kyrgyzstan,,,0,,,,,,,,,,,,,,,,,,,,,,,,,,,,,,,,,KG,http://www.wikidata.org/entity/Q813
Laos,Yes,Yes,10203,,,,,,,,,,7273,,,,,,,,2930,,,,,,,,,,,2024,,https://edl.com.la/statistic,,LA,http://www.wikidata.org/entity/Q819
Latvia,,,0,,,,,,,,,,,,,,,,,,,,,,,,,,,,,,,,,LV,http://www.wikidata.org/entity/Q211
Lebanon,,,0,,,,,,,,,,,,,,,,,,,,,,,,,,,,,,,,,LB,http://www.wikidata.org/entity/Q822
Lesotho,,,0,,,,,,,,,,,,,,,,,,,,,,,,,,,,,,,,,LS,http://www.wikidata.org/entity/Q1013
Liberia,Yes,,813,,,,276,,,,,,,,,,,,,537,,,,,,,,,,,,2024,,https://lerc.gov.lr/pg_img/LERC_Annual_Report_2024_Final.pdf,,LR,http://www.wikidata.org/entity/Q1014
Libya,,,0,,,,,,,,,,,,,,,,,,,,,,,,,,,,,,,,,LY,http://www.wikidata.org/entity/Q1016
Liechtenstein,,,0,,,,,,,,,,,,,,,,,,,,,,,,,,,,,,,,,LI,http://www.wikidata.org/entity/Q347
Lithuania,,,0,,,,,,,,,,,,,,,,,,,,,,,,,,,,,,,,,LT,http://www.wikidata.org/entity/Q37
Luxembourg,,,0,,,,,,,,,,,,,,,,,,,,,,,,,,,,,,,,,LU,http://www.wikidata.org/entity/Q32
Madagascar,,,0,,,,,,,,,,,,,,,,,,,,,,,,,,,,,,,,,MG,http://www.wikidata.org/entity/Q1019
Malawi,,,0,,,,,,,,,,,,,,,,,,,,,,,,,,,,,,,,,MW,http://www.wikidata.org/entity/Q1020
Malaysia,,,0,,,,,,,,,,,,,,,,,,,,,,,,,,,,,,,,,MY,http://www.wikidata.org/entity/Q833
Maldives,,,0,,,,,,,,,,,,,,,,,,,,,,,,,,,,,,,,,MV,http://www.wikidata.org/entity/Q826
Mali,Yes,,994,,,,226,,,,,,,,,,378,,,390,,,,,,,,,,,,2024,,https://www.edmsa.ml/sites/default/files/Document/2024-01/2Annexes%202022_compressed.pdf,,ML,http://www.wikidata.org/entity/Q912
Malta,,,0,,,,,,,,,,,,,,,,,,,,,,,,,,,,,,,,,MT,http://www.wikidata.org/entity/Q233
Marshall Islands,,,0,,,,,,,,,,,,,,,,,,,,,,,,,,,,,,,,,MH,http://www.wikidata.org/entity/Q709
Mauritania,,,0,,,,,,,,,,,,,,,,,,,,,,,,,,,,,,,,,MR,http://www.wikidata.org/entity/Q1025
Mauritius,,,0,,,,,,,,,,,,,,,,,,,,,,,,,,,,,,,,,MU,http://www.wikidata.org/entity/Q1027
Mexico,Yes,,110846,,,,,2335,,1757,,,48725,,,1620,,531,,,29743,,,,,26135,,,,,,2023,,https://www.gob.mx/sener/documentos/informe-pormenorizado-sobre-el-desempeno-y-las-tendencias-de-la-industria-electrica-nacional,,MX,http://www.wikidata.org/entity/Q96
Federated States of Micronesia,,,0,,,,,,,,,,,,,,,,,,,,,,,,,,,,,,,,,FM,http://www.wikidata.org/entity/Q702
Moldova,,,0,,,,,,,,,,,,,,,,,,,,,,,,,,,,,,,,,MD,http://www.wikidata.org/entity/Q217
Monaco,,,0,,,,,,,,,,,,,,,,,,,,,,,,,,,,,,,,,MC,http://www.wikidata.org/entity/Q235
Mongolia,,,0,,,,,,,,,,,,,,,,,,,,,,,,,,,,,,,,,MN,http://www.wikidata.org/entity/Q711
Montenegro,,,0,,,,,,,,,,,,,,,,,,,,,,,,,,,,,,,,,ME,http://www.wikidata.org/entity/Q236
Morocco,Yes,,29105,,,13535,,,,,,,,,,,147,,,11259,,,,,,4164,,,,,,2023,,https://www.one.ma/fr/pdf/Rapport%20d%27Activit%C3%A9s%202023%20VF.pdf,,MA,http://www.wikidata.org/entity/Q1028
Mozambique,,,0,,,,,,,,,,,,,,,,,,,,,,,,,,,,,,,,,MZ,http://www.wikidata.org/entity/Q1029
Myanmar,,,0,,,,,,,,,,,,,,,,,,,,,,,,,,,,,,,,,MM,http://www.wikidata.org/entity/Q836
Namibia,Yes,,12043,,,,3587,,,,,,,,2308,,,,3207,,,522,,953,,1466,,,,,,2024,,"https://www.nampower.com.na/public/docs/annual-reports/NamPower_Integrated_Annual_Report_2024.pdf#:~:text=%E2%80%A2%2012%2C043%20kilometres%20of%20transmission,5%20MW",,NA,http://www.wikidata.org/entity/Q1030
Nauru,,,0,,,,,,,,,,,,,,,,,,,,,,,,,,,,,,,,,NR,http://www.wikidata.org/entity/Q697
Nepal,Yes,Yes,6507,,,,514,,,,,,,,4136,,,,1213,,,,,,,644,,,,,,2024,,https://www.nea.org.np/annual_report,,NP,http://www.wikidata.org/entity/Q837
Netherlands,,,0,,,,,,,,,,,,,,,,,,,,,,,,,,,,,,,,,NL,http://www.wikidata.org/entity/Q29999
New Zealand,,,0,,,,,,,,,,,,,,,,,,,,,,,,,,,,,,,,,NZ,http://www.wikidata.org/entity/Q664
Nicaragua,Yes,,3745,,,,,,,,,,,,,,,,,,,,,,,,,,,,,2024,,https://energiayminas.mem.gob.ni/,,NI,http://www.wikidata.org/entity/Q811
Niger,,,1334,,,,452,,,,,,,,882,,,,,,,,,,,,,,,,,Unknown,,https://nigelec.ne/web/transport,,NE,http://www.wikidata.org/entity/Q1032
Nigeria,Yes,Yes,17866,,,,,,,,,,,,8558,,,,,,,9308,,,,,,,,,,2025,,https://power.gov.ng/download/national-integrated-electricity-policy/,,NG,http://www.wikidata.org/entity/Q1033
North Korea,,,0,,,,,,,,,,,,,,,,,,,,,,,,,,,,,,,,,KP,http://www.wikidata.org/entity/Q423
North Macedonia,,,0,,,,,,,,,,,,,,,,,,,,,,,,,,,,,,,,,MK,http://www.wikidata.org/entity/Q221
Norway,,,0,,,,,,,,,,,,,,,,,,,,,,,,,,,,,,,,,NO,http://www.wikidata.org/entity/Q20
Oman,,,0,,,,,,,,,,,,,,,,,,,,,,,,,,,,,,,,,OM,http://www.wikidata.org/entity/Q842
Pakistan,,,0,,,,,,,,,,,,,,,,,,,,,,,,,,,,,,,,,PK,http://www.wikidata.org/entity/Q843
Palau,,,0,,,,,,,,,,,,,,,,,,,,,,,,,,,,,,,,,PW,http://www.wikidata.org/entity/Q695
Palestine ,,,0,,,,,,,,,,,,,,,,,,,,,,,,,,,,,,,,,PS,http://www.wikidata.org/entity/Q219060
Panama,Yes,,3149,,,,,,,,,310,,,,,,,,,2839,,,,,,,,,,,2024,,https://www.etesa.com.pa/gobierno-corporativo/es/informes,,PA,http://www.wikidata.org/entity/Q804
Papua New Guinea,,,0,,,,,,,,,,,,,,,,,,,,,,,,,,,,,,,,,PG,http://www.wikidata.org/entity/Q691
Paraguay,Yes,,7127,,,,1431,,,,,,,,,,,,4861,,,,,,,,,835,,,,2024,,https://www.ande.gov.py/documentos/plan_maestro/RP49741%20ANEXO%20II%20Plan%20Maestro%20de%20Transmision%202024-2033.pdf,,PY,http://www.wikidata.org/entity/Q733
Peru,Yes,,28711,636,,5162,1157,,,,,,,,,4977,,,13484,,,,,,,,,3295,,,,2024,,https://www.coes.org.pe/Portal/publicaciones/estadisticas/estadistica?anio=2024,,PE,http://www.wikidata.org/entity/Q419
Philippines,,,0,,,,,,,,,,,,,,,,,,,,,,,,,,,,,,,,,PH,http://www.wikidata.org/entity/Q928
Poland,,,0,,,,,,,,,,,,,,,,,,,,,,,,,,,,,,,,,PL,http://www.wikidata.org/entity/Q36
Portugal,Yes,Yes,9661,,,,,,,,,,,,,,,,,,,,,,,,,,,,,2024,,https://www.ren.pt/en-gb/activity/electricity,,PT,http://www.wikidata.org/entity/Q45
Qatar,,,0,,,,,,,,,,,,,,,,,,,,,,,,,,,,,,,,,QA,http://www.wikidata.org/entity/Q846
Romania,,,0,,,,,,,,,,,,,,,,,,,,,,,,,,,,,,,,,RO,http://www.wikidata.org/entity/Q218
Russia,,,0,,,,,,,,,,,,,,,,,,,,,,,,,,,,,,,,,RU,http://www.wikidata.org/entity/Q159
Rwanda,,,0,,,,,,,,,,,,,,,,,,,,,,,,,,,,,,,,,RW,http://www.wikidata.org/entity/Q1037
Saint Kitts and Nevis,,,0,,,,,,,,,,,,,,,,,,,,,,,,,,,,,,,,,KN,http://www.wikidata.org/entity/Q763
Saint Lucia,,,0,,,,,,,,,,,,,,,,,,,,,,,,,,,,,,,,,LC,http://www.wikidata.org/entity/Q760
Saint Vincent and the Grenadines,,,0,,,,,,,,,,,,,,,,,,,,,,,,,,,,,,,,,VC,http://www.wikidata.org/entity/Q757
Samoa,,,0,,,,,,,,,,,,,,,,,,,,,,,,,,,,,,,,,WS,http://www.wikidata.org/entity/Q683
San Marino,,,0,,,,,,,,,,,,,,,,,,,,,,,,,,,,,,,,,SM,http://www.wikidata.org/entity/Q238
São Tomé and Príncipe,,,0,,,,,,,,,,,,,,,,,,,,,,,,,,,,,,,,,ST,http://www.wikidata.org/entity/Q1039
Saudi Arabia,,,0,,,,,,,,,,,,,,,,,,,,,,,,,,,,,,,,,SA,http://www.wikidata.org/entity/Q851
Senegal,Yes,,972,,,,,,,,,,,,,,,,,,,,,,,,,,,,,2021,,https://energie.gouv.sn/transport_distribution/,,SN,http://www.wikidata.org/entity/Q1041
Serbia,,,,,,,,,,,,,,,,,,,,,,,,,,,,,,,,,,,,RS,http://www.wikidata.org/entity/Q403
Seychelles,,,,,,,,,,,,,,,,,,,,,,,,,,,,,,,,,,,,SC,http://www.wikidata.org/entity/Q1042
Sierra Leone,No,,,,,,,,,,,,,,,,,,,,,,,,,,,,,,,,,,,SL,http://www.wikidata.org/entity/Q1044
Singapore,,,,,,,,,,,,,,,,,,,,,,,,,,,,,,,,,,,,SG,http://www.wikidata.org/entity/Q334
Slovakia,,,,,,,,,,,,,,,,,,,,,,,,,,,,,,,,,,,,SK,http://www.wikidata.org/entity/Q214
Slovenia,,,,,,,,,,,,,,,,,,,,,,,,,,,,,,,,,,,,SI,http://www.wikidata.org/entity/Q215
Solomon Islands,,,,,,,,,,,,,,,,,,,,,,,,,,,,,,,,,,,,SB,http://www.wikidata.org/entity/Q685
Somalia,Yes,,0km,,,,,,,,,,,,,,,,,,,,,,,,,,,,,,, ,Does not yet have 50kv+,SO,http://www.wikidata.org/entity/Q1045
South Africa,,,,,,,,,,,,,,,,,,,,,,,,,,,,,,,,,,,,ZA,http://www.wikidata.org/entity/Q258
South Korea,,,,,,,,,,,,,,,,,,,,,,,,,,,,,,,,,,,,KR,http://www.wikidata.org/entity/Q884
South Sudan,,,,,,,,,,,,,,,,,,,,,,,,,,,,,,,,,,,,SS,http://www.wikidata.org/entity/Q958
Spain,Yes,Yes,Only RE so many 132kv missing,,,,,,,,,,,,3099,,,,20416,,,,,,,22289,,,,,,2025,,https://www.ree.es/es/datos/transporte,,ES,http://www.wikidata.org/entity/Q29
Sri Lanka,,,,,,,,,,,,,,,,,,,,,,,,,,,,,,,,,,,,LK,http://www.wikidata.org/entity/Q854
Sudan,,,,,,,,,,,,,,,,,,,,,,,,,,,,,,,,,,,,SD,http://www.wikidata.org/entity/Q1049
Suriname,No,,,,,,,,,,,,,,,,,,,,,,,,,,,,,,,,,,,SR,http://www.wikidata.org/entity/Q730
Sweden,,,,,,,,,,,,,,,,,,,,,,,,,,,,,,,,,,,,SE,http://www.wikidata.org/entity/Q34
Switzerland,,,,,,,,,,,,,,,,,,,,,,,,,,,,,,,,,,,,CH,http://www.wikidata.org/entity/Q39
Syria,,,,,,,,,,,,,,,,,,,,,,,,,,,,,,,,,,,,SY,http://www.wikidata.org/entity/Q858
Tajikistan,,,,,,,,,,,,,,,,,,,,,,,,,,,,,,,,,,,,TJ,http://www.wikidata.org/entity/Q863
Tanzania,Yes,,8025,,,,580,,,,,,,,1825,,,,4095,,,,,,,1245,,,,,,2024;2024,"https://www.mof.go.tz/uploads/documents/en-1757496956-ECONOMIC%20SURVEY%20BOOK,%202024%20SEPT_SENT%20FINAL.pdf#:~:text=356,In%20addition%2C%20electricity",https://www.ewura.go.tz/uploads/documents/en-1744809963-EWURA-FACT-SHEET.pdf,,TZ,http://www.wikidata.org/entity/Q924
Thailand,,,,,,,,,,,,,,,,,,,,,,,,,,,,,,,,,,,,TH,http://www.wikidata.org/entity/Q869
Timor-Leste,,,,,,,,,,,,,,,,,,,,,,,,,,,,,,,,,,,,TL,http://www.wikidata.org/entity/Q574
Togo,No,,,,,,,,,,,,,,,,,,,,,,,,,,,,,,,,,,,TG,http://www.wikidata.org/entity/Q945
Tonga,,,,,,,,,,,,,,,,,,,,,,,,,,,,,,,,,,,,TO,http://www.wikidata.org/entity/Q678
Trinidad and Tobago,,,,,,,,,,,,,,,,,,,,,,,,,,,,,,,,,,,,TT,http://www.wikidata.org/entity/Q754
Tunisia,Yes,,6793,,,,,,,,1350,,,,,,2331,,,2902,,,,,,210,,,,,,2021,,https://www.energiemines.gov.tn/fr/themes/energie/electricite-gaz/electricite/transport-et-distribution/,,TN,http://www.wikidata.org/entity/Q948
Turkey,,,0,,,,,,,,,,,,,,,,,,,,,,,,,,,,,,,,,TR,http://www.wikidata.org/entity/Q43
Turkmenistan,,,0,,,,,,,,,,,,,,,,,,,,,,,,,,,,,,,,,TM,http://www.wikidata.org/entity/Q874
Tuvalu,,,0,,,,,,,,,,,,,,,,,,,,,,,,,,,,,,,,,TV,http://www.wikidata.org/entity/Q672
Uganda,Yes,Yes,4633,,,,35,,,,,,,,2990,,,,1002,,,,,,,606,,,,,,2024,,"https://uetcl.go.ug/wp-content/uploads/2024/10/UETCL-Corporate-Strategic-Plan-2024-2029.pdf#:~:text=12%20Transmission%20Line%20Coverage%20Length,to%208%2C180%20km%20by%202029",,UG,http://www.wikidata.org/entity/Q1036
Ukraine,,,0,,,,,,,,,,,,,,,,,,,,,,,,,,,,,,,,,UA,http://www.wikidata.org/entity/Q212
United Arab Emirates,,,0,,,,,,,,,,,,,,,,,,,,,,,,,,,,,,,,,AE,http://www.wikidata.org/entity/Q878
United Kingdom,,,0,,,,,,,,,,,,,,,,,,,,,,,,,,,,,,,,,GB,http://www.wikidata.org/entity/Q145
United States,,,0,,,,,,,,,,,,,,,,,,,,,,,,,,,,,,,,,US,http://www.wikidata.org/entity/Q30
Uruguay,Yes,Yes,5901,,,28,,,,,,,,,,,4664,,,,11,,,,,,,1198,,,,2024,,https://portal.ute.com.uy/sites/default/files/generico/UTE%20en%20Cifras%202024%20TRIPTICO%202025-03-26.pdf,,UY,http://www.wikidata.org/entity/Q77
Uzbekistan,,,0,,,,,,,,,,,,,,,,,,,,,,,,,,,,,,,,,UZ,http://www.wikidata.org/entity/Q265
Vanuatu,,,0,,,,,,,,,,,,,,,,,,,,,,,,,,,,,,,,,VU,http://www.wikidata.org/entity/Q686
Vatican City,,,0,,,,,,,,,,,,,,,,,,,,,,,,,,,,,,,,,VA,http://www.wikidata.org/entity/Q237
Venezuela,No,,0,,,,,,,,,,,,,,,,,,,,,,,,,,,,,,,,,VE,http://www.wikidata.org/entity/Q717
Vietnam,Yes,,51413,,,,,,,,,21861,,,,,,,29552,,,,,,,,,,,,,2023,,https://en.evn.com.vn/en-US/bao-cao-thuong-nien/Annual-Report-60-13,,VN,http://www.wikidata.org/entity/Q881
Yemen,,,0,,,,,,,,,,,,,,,,,,,,,,,,,,,,,,,,,YE,http://www.wikidata.org/entity/Q805
Zambia,Yes,,12705,,,,,,,,,,,,,,,,,,,,,,,,,,,,,2023,,https://www.moe.gov.zm/wp-content/uploads/2023/11/3.-IRP-Highlights.pdf,,ZM,http://www.wikidata.org/entity/Q953
Zimbabwe,Yes,,8165,,,,,,,,,,,,,,,,,,,,,,,,,,,,,2024,,https://www.zera.co.zw/wp-content/uploads/simple-file-list/POLICIES/Zimbabwe-Energy-compact_web.pdf,,ZW,http://www.wikidata.org/entity/Q954